,Chengdu,Dalian,Dongguan,Harbin,Qingdao,Quanzhou,Shenyang,Zhengzhou
-0.600000,0.12259926940324621,0.08894029452318152,0.1001701863145128,0.10823653560398579,0.10802124862018342,0.10706153070608371,0.12873955561406358,0.12598856805372508
