City,Nodes,MinDeg,MaxDeg,AvgClust,Diameter
Chengdu,17894,1,11,0.04133884631816899,222904.0660978446
Dalian,12780,1,7,0.04815001117818019,274714.8555462158
Dongguan,7984,1,7,0.03739860673728408,96547.06559554298
Harbin,10480,1,7,0.039843238822246455,517801.18210095895
Qingdao,13420,1,8,0.03026488538783621,223311.23149480362
Quanzhou,5343,1,6,0.05547445255474452,233538.0015453929
Shenyang,12852,1,14,0.04981124453580102,239882.85073280727
Zhengzhou,9090,1,8,0.03027397977893027,169907.19339391106
