City,Nodes,MinDeg,MaxDeg,AvgClust
Chengdu,18300,1,11,0.041364724528658955
Dalian,13605,1,7,0.04587949108346021
Dongguan,8315,1,7,0.036194485009878874
Harbin,10727,1,7,0.03969644910262044
Qingdao,13894,1,8,0.030106006703818706
Quanzhou,5672,1,6,0.05321462153267512
Shenyang,13000,1,14,0.05090985254062177
Zhengzhou,9162,1,8,0.030610908410515482
