City,Nodes,MinDeg,MaxDeg,AvgClust,Diameter
Chengdu,18300,1,11,0.041364724528658955,222904.0660978446
Dalian,13605,1,7,0.04587949108346021,274714.8555462158
Dongguan,8315,1,7,0.036194485009878874,96547.06559554298
Harbin,10727,1,7,0.03969644910262044,517801.18210095895
Qingdao,13894,1,8,0.030106006703818706,223311.23149480362
Quanzhou,5672,1,6,0.05321462153267512,233538.0015453929
Shenyang,13000,1,14,0.05090985254062177,239882.85073280727
Zhengzhou,9162,1,8,0.030610908410515482,169907.19339391106
